Sample,Condition,Barcode,Group,SampleID,AlignID
1,A,ACTGAT,Baseline,A1,ACTGAT_trimmed
2,A,ATGAGC,Baseline,A2,ATGAGC_trimmed
3,A,ATTCCT,Baseline,A3,ATTCCT_trimmed
4,A,CAAAAG,Baseline,A4,CAAAAG_trimmed
5,A,CAACTA,Baseline,A5,CAACTA_trimmed
6,A,CACCGG,Baseline,A6,CACCGG_trimmed
7,B,CACGAT,15min,B1,CACGAT_trimmed
8,B,CACTCA,15min,B2,CACTCA_trimmed
9,B,CAGGCG,15min,B3,CAGGCG_trimmed
10,B,CATGGC,15min,B4,CATGGC_trimmed
11,B,CATTTT,15min,B5,CATTTT_trimmed
12,B,CCAACA,15min,B6,CCAACA_trimmed
13,C,CGGAAT,30min,C1,CGGAAT_trimmed
14,C,CTAGCT,30min,C2,CTAGCT_trimmed
15,C,CTATAC,30min,C3,CTATAC_trimmed
16,C,CTCAGA,30min,C4,CTCAGA_trimmed
17,C,GACGAC,30min,C5,GACGAC_trimmed
18,C,TAATCG,30min,C6,TAATCG_trimmed
19,D,TACAGC,60min,D1,TACAGC_trimmed
20,D,TATAAT,60min,D2,TATAAT_trimmed
21,D,TCATTC,60min,D3,TCATTC_trimmed
22,D,TCCCGA,60min,D4,TCCCGA_trimmed
23,D,TCGAAG,60min,D5,TCGAAG_trimmed
24,D,TCGGCA,60min,D6,TCGGCA_trimmed
,,,,,
